<?xml version="1.0" encoding="UTF-8"?>
<beans xsi:schemaLocation="http://www.springframework.org/schema/beans http://www.springframework.org/schema/beans/spring-beans.xsd http://www.springframework.org/schema/security http://www.springframework.org/schema/security/spring-security.xsd" xmlns:security="http://www.springframework.org/schema/security" xmlns:xsi="http://www.w3.org/2001/XMLSchema-instance" xmlns="http://www.springframework.org/schema/beans">

<!-- New Spring Security implementation -->

<security:http auto-config="true">
<security:intercept-url access="ROLE_ADMIN" pattern="/admin"/>
<security:intercept-url access="ROLE_USER" pattern="/user"/>
<security:form-login password-parameter="password" username-parameter="username" authentication-failure-url="/loginUser?error" default-target-url="/" login-page="/login"/>
<security:logout logout-success-url="/loginUser?logout"/>
<!-- enable csrf protection -->
<!-- <security:csrf/> -->
</security:http>
<security:authentication-manager>
<security:authentication-provider>
<!-- <security:user-service> <security:user name="admin" password="admin" authorities="ROLE_ADMIN" /> <security:user name="sait" password="sait" authorities="ROLE_ADMIN" /> <security:user name="niit" password="niit" authorities="ROLE_ADMIN" /> <security:user name="sanju" password="sanju" authorities="ROLE_USER" /> <security:user name="disha" password="disha" authorities="ROLE_USER" /> </security:user-service> -->
<security:jdbc-user-service users-by-username-query="SELECT name, password, id FROM User WHERE name = ?" authorities-by-username-query="SELECT name,role,id From User WHERE name = ?" data-source-ref="dataSource"/></security:authentication-provider>
</security:authentication-manager>
</beans>